<?xml version="1.0" encoding="UTF-8"?>
<dao xmlns="http://jelix.org/ns/dao/1.0">
    <datasources>
        <primarytable name="sbj" realname="jacl2_subject" primarykey="id_aclsbj" />
        <optionalforeigntable name="grpsbj" realname="jacl2_subject_group" onforeignkey="id_aclsbjgrp" primarykey="id_aclsbjgrp" />
    </datasources>
    <record>
      <property name="id_aclsbj" fieldname="id_aclsbj" datatype="string"  maxlength="100" required="yes"/>
      <property name="label_key" fieldname="label_key" datatype="string"  maxlength="100"/>
      <property name="id_aclsbjgrp" datatype="string"  maxlength="50" />
      <property name="label_group_key" fieldname="label_key" datatype="string" table="grpsbj"/>
    </record>
    <factory>
        <method name="findAllSubject" type="select">
           <order>
              <orderitem property="id_aclsbjgrp" way="asc" />
              <orderitem property="id_aclsbj" way="asc" />
           </order>
        </method>
        <method name="removeSubjectFromGroup" type="update">
            <parameter name="id_aclsbjgrp" />
            <values>
                <value property="id_aclsbjgrp" expr="NULL" />
            </values>
            <conditions>
                <eq property="id_aclsbjgrp" expr="$id_aclsbjgrp" />
            </conditions>
        </method>
        <method name="replaceSubjectGroup" type="update">
            <parameter name="old_id_aclsbjgrp" />
            <parameter name="new_id_aclsbjgrp" />
            <values>
                <value property="id_aclsbjgrp" expr="$new_id_aclsbjgrp" />
            </values>
            <conditions>
                <eq property="id_aclsbjgrp" expr="$old_id_aclsbjgrp" />
            </conditions>
        </method>
    </factory>
</dao>
